City_ID,City,Country,Date,Lat,Lng,Max Temp,Humidity,Cloudiness,Wind Speed
0,Mahebourg,MU,2022-04-03 21:42:03,-20.4081,57.7,79.25,83,75,11.5
1,Fonte Boa,BR,2022-04-03 21:44:26,-2.4959,-66.2662,76.98,93,83,0.65
2,Shostka,UA,2022-04-03 21:44:26,51.863,33.4698,31.37,89,100,9.64
3,Busselton,AU,2022-04-03 21:36:43,-33.65,115.3333,60.85,82,30,14.2
4,Rikitea,PF,2022-04-03 21:36:39,-23.1203,-134.9692,76.8,67,58,10.07
5,Thompson,CA,2022-04-03 21:44:27,55.7435,-97.8558,41.16,42,75,8.05
6,Khor,RU,2022-04-03 21:44:28,47.8861,134.9464,36.7,74,0,9.6
7,Victoria,HK,2022-04-03 21:38:24,22.2855,114.1577,64.33,63,0,8.99
8,Kuala Terengganu,MY,2022-04-03 21:44:28,5.3302,103.1408,76.95,100,100,5.01
9,Ancud,CL,2022-04-03 21:36:50,-41.8697,-73.8203,50.23,76,89,7.54
10,Barrow,US,2022-04-03 21:38:27,71.2906,-156.7887,-7.58,77,20,18.41
11,Avarua,CK,2022-04-03 21:39:44,-21.2078,-159.775,80.65,83,40,4.61
12,Provideniya,RU,2022-04-03 21:36:39,64.3833,-173.3,8.71,66,0,15.99
13,Punta Arenas,CL,2022-04-03 21:36:36,-53.15,-70.9167,42.91,70,20,23.02
14,Puerto Leguizamo,CO,2022-04-03 21:44:30,-0.1934,-74.7819,81.55,76,100,1.03
15,Rudbar,AF,2022-04-03 21:44:30,30.15,62.6,74.46,12,2,6.42
16,Saint-Philippe,RE,2022-04-03 21:42:07,-21.3585,55.7679,72.99,90,100,11.03
17,Nevers,FR,2022-04-03 21:44:31,46.9167,3.3333,27.19,89,42,3.22
18,Georgetown,MY,2022-04-03 21:37:25,5.4112,100.3354,76.95,99,20,3.44
19,Sinnamary,GF,2022-04-03 21:41:45,5.3833,-52.95,77.56,88,69,10.83
20,Pevek,RU,2022-04-03 21:38:30,69.7008,170.3133,-12.87,92,22,2.28
21,Port Elizabeth,ZA,2022-04-03 21:36:45,-33.918,25.5701,64.31,89,0,9.22
22,Yellowknife,CA,2022-04-03 21:40:24,62.456,-114.3525,24.42,62,75,13.8
23,Launceston,AU,2022-04-03 21:44:32,-41.45,147.1667,58.15,89,75,9.22
24,Saint-Joseph,RE,2022-04-03 21:44:33,-21.3667,55.6167,71.98,88,100,10.67
25,Lazaro Cardenas,MX,2022-04-03 21:44:33,17.9583,-102.2,80.71,59,79,10.54
26,Geraldton,AU,2022-04-03 21:36:51,-28.7667,114.6,73.81,78,75,14.97
27,Susanville,US,2022-04-03 21:44:14,40.4163,-120.653,66.9,18,100,8.99
28,Saint-Francois,FR,2022-04-03 21:44:34,46.4154,3.9054,36.84,70,0,8.05
29,Ahipara,NZ,2022-04-03 21:36:52,-35.1667,173.1667,71.19,71,1,2.46
30,Flin Flon,CA,2022-04-03 21:44:35,54.7682,-101.865,37.24,65,100,10.36
31,Zacualpan,MX,2022-04-03 21:44:35,21.25,-105.1667,98.22,66,3,7.4
32,Atar,MR,2022-04-03 21:41:56,20.5169,-13.0499,73.74,23,0,6.13
33,Narsaq,GL,2022-04-03 21:42:47,60.9167,-46.05,43.02,83,100,1.81
34,Gold Coast,AU,2022-04-03 21:42:16,-28.0,153.4333,72.0,89,100,6.91
35,Leningradskiy,RU,2022-04-03 21:40:40,69.3833,178.4167,-11.06,98,91,3.0
36,Hermanus,ZA,2022-04-03 21:38:25,-34.4187,19.2345,59.81,90,8,6.93
37,Taitung,TW,2022-04-03 21:44:37,22.7583,121.1444,65.95,78,90,13.42
38,Kathu,TH,2022-04-03 21:44:37,7.9178,98.3332,76.82,82,97,4.16
39,Kapaa,US,2022-04-03 21:40:52,22.0752,-159.319,80.58,76,40,19.57
40,Qaanaaq,GL,2022-04-03 21:33:23,77.484,-69.3632,12.85,72,72,6.78
41,Fortuna,US,2022-04-03 21:38:28,40.5982,-124.1573,59.86,64,0,16.11
42,Karaton,ID,2022-04-03 21:44:39,-6.3424,106.1045,73.09,93,100,3.02
43,Hobyo,SO,2022-04-03 21:43:13,5.3505,48.5268,81.18,75,17,9.08
44,Kamaishi,JP,2022-04-03 21:44:39,39.2667,141.8833,46.24,90,100,4.99
45,Faanui,PF,2022-04-03 21:43:25,-16.4833,-151.75,82.0,73,70,11.48
46,Ushuaia,AR,2022-04-03 21:37:06,-54.8,-68.3,38.86,87,40,19.57
47,Nikolskoye,RU,2022-04-03 21:37:18,59.7035,30.7861,29.8,96,34,3.51
48,Diamantino,BR,2022-04-03 21:45:06,-14.4086,-56.4461,77.31,82,93,0.63
49,Mecca,SA,2022-04-03 21:45:40,21.4267,39.8261,82.74,29,93,4.94
50,Goma,CD,2022-04-03 21:45:41,-1.6792,29.2228,61.93,89,24,3.27
51,Harindanga,IN,2022-04-03 21:45:41,22.0383,88.3214,79.57,84,53,15.86
52,Lebu,CL,2022-04-03 21:38:20,-37.6167,-73.65,54.95,70,0,18.77
53,Arraial Do Cabo,BR,2022-04-03 21:36:45,-22.9661,-42.0278,78.76,88,40,6.91
54,Dikson,RU,2022-04-03 21:36:38,73.5069,80.5464,-2.72,99,36,9.33
55,Saint George,US,2022-04-03 21:44:31,37.1041,-113.5841,75.79,20,0,1.99
56,Feni,BD,2022-04-03 21:45:42,23.0186,91.41,76.35,89,4,7.47
57,East London,ZA,2022-04-03 21:39:16,-33.0153,27.9116,71.11,88,69,12.5
58,Cherskiy,RU,2022-04-03 21:36:49,68.75,161.3,-0.63,93,100,5.1
59,Ilulissat,GL,2022-04-03 21:41:40,69.2167,-51.1,30.22,80,75,5.75
60,Neuquen,AR,2022-04-03 21:45:44,-38.9516,-68.0591,66.09,20,0,11.5
61,Hobart,AU,2022-04-03 21:36:37,-42.8794,147.3294,57.06,92,75,6.91
62,Jacareacanga,BR,2022-04-03 21:45:44,-6.2222,-57.7528,74.7,99,100,3.15
63,Sungaipenuh,ID,2022-04-03 21:45:45,-2.0833,101.3833,61.27,88,59,2.64
64,Isangel,VU,2022-04-03 21:34:10,-19.55,169.2667,84.31,84,75,4.61
65,Hambantota,LK,2022-04-03 21:45:45,6.1241,81.1185,75.54,100,20,3.44
66,Puerto Ayora,EC,2022-04-03 21:34:34,-0.7393,-90.3518,80.56,94,62,8.99
67,Luwuk,ID,2022-04-03 21:45:46,-0.9516,122.7875,77.77,87,100,2.19
68,Dingle,PH,2022-04-03 21:44:06,10.9995,122.6711,75.13,87,98,7.18
69,Sinnar,SD,2022-04-03 21:45:47,13.5691,33.5672,92.79,16,83,6.64
70,Salalah,OM,2022-04-03 21:41:46,17.0151,54.0924,78.89,89,0,3.44
71,Airai,TL,2022-04-03 21:38:27,-8.9266,125.4092,56.97,77,28,1.61
72,Ribeira Grande,PT,2022-04-03 21:43:15,38.5167,-28.7,60.46,78,49,10.07
73,Gizo,SB,2022-04-03 21:45:48,-8.103,156.8419,83.53,74,98,9.64
74,Divnomorskoye,RU,2022-04-03 21:45:49,44.5011,38.1353,47.41,89,77,9.26
75,Jamestown,US,2022-04-03 21:32:51,42.097,-79.2353,35.53,73,100,13.8
76,Cape Town,ZA,2022-04-03 21:32:39,-33.9258,18.4232,63.27,85,20,10.36
77,Itarema,BR,2022-04-03 21:37:05,-2.9248,-39.9167,77.47,89,29,9.44
78,Mataura,NZ,2022-04-03 21:34:40,-46.1927,168.8643,54.52,79,95,1.72
79,Puerto Colombia,CO,2022-04-03 21:45:51,10.9878,-74.9547,82.49,80,80,21.65
80,Kiruna,SE,2022-04-03 21:45:51,67.8557,20.2251,4.12,85,75,0.0
81,Bambous Virieux,MU,2022-04-03 21:38:34,-20.3428,57.7575,79.21,83,75,11.5
82,Tuktoyaktuk,CA,2022-04-03 21:36:58,69.4541,-133.0374,-18.4,76,20,4.61
83,Butaritari,KI,2022-04-03 21:41:53,3.0707,172.7902,81.46,70,86,14.74
84,Namibe,AO,2022-04-03 21:45:52,-15.1961,12.1522,70.95,79,100,6.87
85,Bosaso,SO,2022-04-03 21:45:53,11.2842,49.1816,82.74,43,41,11.1
86,Wenling,CN,2022-04-03 21:45:53,28.3669,121.36,46.04,79,7,6.29
87,Aklavik,CA,2022-04-03 21:45:53,68.2191,-135.0107,-5.12,85,100,11.43
88,Alofi,NU,2022-04-03 21:37:05,-19.0595,-169.9187,82.29,74,64,8.05
89,Pangoa,PE,2022-04-03 21:45:54,-12.1167,-73.0,78.8,70,61,2.91
90,Promyshlennaya,RU,2022-04-03 21:46:55,54.9159,85.6385,31.15,100,100,3.8
91,Ixtapa,MX,2022-04-03 21:46:55,20.7,-105.2,85.6,44,2,7.96
92,Palmer,US,2022-04-03 21:46:56,42.1584,-72.3287,46.49,73,100,1.01
93,Bengkulu,ID,2022-04-03 21:46:56,-3.8004,102.2655,75.96,84,96,4.81
94,Puro,PH,2022-04-03 21:46:57,12.4841,123.3827,78.51,82,25,12.44
95,Atuona,PF,2022-04-03 21:46:57,-9.8,-139.0333,79.88,72,52,21.45
96,Lapua,FI,2022-04-03 21:46:58,62.9693,23.0088,27.28,96,100,4.32
97,Vaini,TO,2022-04-03 21:34:43,-21.2,-175.2,75.36,94,75,5.75
98,Saskylakh,RU,2022-04-03 21:46:58,71.9167,114.0833,-6.7,98,100,10.65
99,Zhashkiv,UA,2022-04-03 21:46:59,49.2454,30.1102,32.58,81,100,13.4
100,Upernavik,GL,2022-04-03 21:46:59,72.7868,-56.1549,15.53,84,65,4.9
101,Port Alfred,ZA,2022-04-03 21:38:20,-33.5906,26.891,66.18,93,97,11.72
102,Majene,ID,2022-04-03 21:47:00,-3.5403,118.9707,76.89,85,66,3.83
103,Chuy,UY,2022-04-03 21:39:46,-33.6971,-53.4616,67.01,81,96,6.22
104,Dhidhdhoo,MV,2022-04-03 21:47:00,6.8833,73.1,83.03,71,6,4.47
105,Gazojak,TM,2022-04-03 21:47:01,41.1875,61.4036,65.77,23,0,11.77
106,Nagato,JP,2022-04-03 21:47:03,34.3833,131.2,39.2,76,0,10.29
107,Hithadhoo,MV,2022-04-03 21:43:31,-0.6,73.0833,82.74,70,32,5.48
108,Port Lincoln,AU,2022-04-03 21:37:07,-34.7333,135.8667,59.77,81,2,2.95
109,Grand-Lahou,CI,2022-04-03 21:47:03,5.1367,-5.0242,81.45,85,100,11.3
110,Putina,PE,2022-04-03 21:47:04,-15.4667,-69.4333,48.31,76,50,11.41
111,Tulum,MX,2022-04-03 21:45:25,20.2167,-87.4667,84.72,57,42,6.17
112,Kiama,AU,2022-04-03 21:47:05,-34.6833,150.8667,68.58,65,12,5.01
113,Kakching,IN,2022-04-03 21:47:05,24.4833,93.9833,63.18,94,42,1.01
114,Marsa Matruh,EG,2022-04-03 21:47:06,31.3525,27.2453,61.0,82,0,4.61
115,Preili,LV,2022-04-03 21:47:06,56.2944,26.7246,29.01,71,84,5.17
116,Laguna,US,2022-04-03 21:37:09,38.421,-121.4238,82.69,18,0,8.05
117,Lompoc,US,2022-04-03 21:45:06,34.6391,-120.4579,73.69,78,75,21.99
118,Progreso,MX,2022-04-03 21:47:07,21.2833,-89.6667,89.11,72,53,14.03
119,Cidreira,BR,2022-04-03 21:47:08,-30.1811,-50.2056,70.16,95,100,18.14
120,Gorontalo,ID,2022-04-03 21:47:08,0.5412,123.0595,74.84,94,88,1.99
121,Mount Gambier,AU,2022-04-03 21:45:26,-37.8333,140.7667,46.31,100,75,3.44
122,Karratha,AU,2022-04-03 21:38:36,-20.7377,116.8463,79.66,70,0,8.21
123,Castro,BR,2022-04-03 21:38:30,-24.7911,-50.0119,65.14,92,80,4.88
124,Turayf,SA,2022-04-03 21:47:09,31.6725,38.6637,68.25,22,0,13.8
125,Korla,CN,2022-04-03 21:47:10,41.7597,86.1469,55.89,23,0,4.97
126,Torbay,CA,2022-04-03 21:42:50,47.6666,-52.7314,38.57,80,40,32.21
127,New Norfolk,AU,2022-04-03 21:42:10,-42.7826,147.0587,56.7,89,97,1.7
128,Bayji,IQ,2022-04-03 21:47:11,34.9311,43.487,74.26,16,20,10.07
129,Novikovo,RU,2022-04-03 21:47:12,51.1537,37.8879,33.75,99,100,4.29
130,Bredasdorp,ZA,2022-04-03 21:45:35,-34.5322,20.0403,60.49,91,39,0.65
131,Vestmannaeyjar,IS,2022-04-03 21:37:17,63.4427,-20.2734,42.89,81,100,16.82
132,Mackenzie,CA,2022-04-03 21:47:12,55.2999,-123.1698,39.42,70,100,6.91
133,General Roca,AR,2022-04-03 21:47:13,-39.0333,-67.5833,63.86,18,54,16.51
134,Madaoua,NE,2022-04-03 21:47:14,14.073,5.96,83.44,6,12,4.52
135,Ponta Delgada,PT,2022-04-03 21:47:14,37.7333,-25.6667,57.92,72,20,5.75
136,Bethel,US,2022-04-03 21:47:19,41.3712,-73.414,42.94,89,100,3.44
137,Severo-Kurilsk,RU,2022-04-03 21:38:19,50.6789,156.125,33.3,87,23,11.81
138,Dalhousie,IN,2022-04-03 21:48:15,32.5333,75.9833,52.56,24,0,10.71
139,Bluff,NZ,2022-04-03 21:38:23,-46.6,168.3333,56.44,74,99,10.25
140,Campoverde,PE,2022-04-03 21:48:16,-8.4753,-74.8058,83.89,52,23,0.25
141,Batagay,RU,2022-04-03 21:48:17,67.6333,134.6333,-6.25,99,98,1.41
142,Hilo,US,2022-04-03 21:46:06,19.7297,-155.09,77.25,87,100,9.22
143,George,ZA,2022-04-03 21:48:17,-33.963,22.4617,58.55,94,0,4.61
144,Katsuura,JP,2022-04-03 21:48:18,35.1333,140.3,48.22,88,100,15.97
145,Buxton,GB,2022-04-03 21:44:53,53.2574,-1.9098,41.88,76,100,5.01
146,Derzhavinsk,KZ,2022-04-03 21:48:19,51.1,66.3167,38.57,75,98,11.32
147,Port Macquarie,AU,2022-04-03 21:46:30,-31.4333,152.9167,64.89,81,100,8.37
148,Rio Grande,BR,2022-04-03 21:48:19,-32.035,-52.0986,66.31,92,100,10.69
149,Urumqi,CN,2022-04-03 21:48:20,43.801,87.6005,50.95,37,0,8.95
150,Caloundra,AU,2022-04-03 21:48:21,-26.8,153.1333,73.85,92,41,4.0
151,Sorland,NO,2022-04-03 21:48:21,67.667,12.6934,35.1,73,41,12.68
152,Norman Wells,CA,2022-04-03 21:48:22,65.282,-126.8329,1.44,55,75,4.61
153,Kaitangata,NZ,2022-04-03 21:48:23,-46.2817,169.8464,55.31,75,93,4.99
154,Bushehr,IR,2022-04-03 21:48:23,28.9684,50.8385,62.69,63,0,0.0
155,Cabo San Lucas,MX,2022-04-03 21:48:09,22.8909,-109.9124,78.62,62,0,9.22
156,Quatre Cocos,MU,2022-04-03 21:40:37,-20.2078,57.7625,79.09,79,41,10.85
157,Thinadhoo,MV,2022-04-03 21:48:24,0.5333,72.9333,82.67,65,4,2.93
158,Clyde River,CA,2022-04-03 21:45:22,70.4692,-68.5914,10.63,85,0,8.05
159,Iqaluit,CA,2022-04-03 21:48:25,63.7506,-68.5145,26.33,86,40,14.97
160,San Carlos De Bariloche,AR,2022-04-03 21:48:26,-41.1456,-71.3082,46.15,61,40,27.63
161,Coihaique,CL,2022-04-03 21:48:26,-45.5752,-72.0662,51.75,62,75,5.75
162,Lavrentiya,RU,2022-04-03 21:43:24,65.5833,-171.0,-5.04,84,15,11.83
163,Bumba,CD,2022-04-03 21:48:27,2.1833,22.4667,72.82,81,37,1.86
164,Tilichiki,RU,2022-04-03 21:48:28,60.4667,166.1,14.7,79,98,6.08
165,Pacific Grove,US,2022-04-03 21:48:28,36.6177,-121.9166,69.39,74,40,12.66
166,Dalbandin,PK,2022-04-03 21:44:37,28.8947,64.4101,72.32,10,2,4.63
167,Anadyr,RU,2022-04-03 21:48:29,64.75,177.4833,-4.52,76,0,6.71
168,Tiksi,RU,2022-04-03 21:48:29,71.6872,128.8694,4.59,98,100,7.4
169,Tsumeb,NA,2022-04-03 21:48:30,-19.2333,17.7167,63.68,92,100,3.31
170,La Ronge,CA,2022-04-03 21:48:30,55.1001,-105.2842,46.62,39,20,6.91
171,Ambulu,ID,2022-04-03 21:48:31,-8.345,113.6058,74.08,91,8,3.24
172,Tessalit,ML,2022-04-03 21:48:13,20.1986,1.0114,88.27,9,0,4.18
173,Waitati,NZ,2022-04-03 21:48:31,-45.75,170.5667,57.79,70,93,1.12
174,Port Blair,IN,2022-04-03 21:48:32,11.6667,92.75,80.64,65,40,8.05
175,Nishihara,JP,2022-04-03 21:48:32,26.1842,127.7558,63.68,75,40,12.66
176,Haimen,CN,2022-04-03 21:48:33,23.1935,116.6142,49.89,56,0,17.87
177,Quang Ngai,VN,2022-04-03 21:48:33,15.1167,108.8,66.94,91,100,8.59
178,Grand Gaube,MU,2022-04-03 21:43:28,-20.0064,57.6608,79.38,82,24,3.0
179,Guerrero Negro,MX,2022-04-03 21:48:34,27.9769,-114.0611,65.68,53,16,16.89
180,Kruisfontein,ZA,2022-04-03 21:39:39,-34.0033,24.7314,59.88,81,94,5.44
181,Afua,BR,2022-04-03 21:49:35,-0.1567,-50.3867,76.69,92,99,5.41
182,Gimli,CA,2022-04-03 21:49:09,50.6336,-96.9907,32.02,74,99,3.44
183,Sao Gabriel Da Cachoeira,BR,2022-04-03 21:49:35,-0.1303,-67.0892,76.6,95,65,1.86
184,Baghdad,IQ,2022-04-03 21:48:51,33.3406,44.4009,67.91,26,66,2.3
185,Khatanga,RU,2022-04-03 21:49:36,71.9667,102.5,-32.35,100,99,3.31
186,San Luis,AR,2022-04-03 21:46:51,-33.295,-66.3356,59.18,30,0,15.9
187,Yarmouth,US,2022-04-03 21:49:36,41.7057,-70.2286,47.01,73,100,4.61
188,Kodiak,US,2022-04-03 21:49:37,57.79,-152.4072,36.91,81,100,9.22
189,Esperance,AU,2022-04-03 21:47:33,-33.8667,121.9,64.24,91,100,5.28
190,Sanok,PL,2022-04-03 21:49:38,49.5557,22.2056,28.06,100,77,3.76
191,Buchanan,LR,2022-04-03 21:49:38,5.8808,-10.0467,79.0,87,85,5.5
192,Kyshtovka,RU,2022-04-03 21:47:43,56.555,76.6271,33.66,99,100,8.05
193,Praia,CV,2022-04-03 21:49:39,14.9215,-23.5087,70.34,68,20,10.36
194,Victor Harbor,AU,2022-04-03 21:49:39,-35.5667,138.6167,57.83,85,22,1.99
195,Darnah,LY,2022-04-03 21:49:40,32.767,22.6367,60.3,76,0,5.68
196,Longyearbyen,SJ,2022-04-03 21:49:40,78.2186,15.6401,8.44,52,20,24.16
197,Makakilo City,US,2022-04-03 21:49:40,21.3469,-158.0858,79.2,52,75,25.32
198,Saint Anthony,US,2022-04-03 21:49:41,45.0205,-93.218,38.89,82,100,13.8
199,Albany,US,2022-04-03 21:47:24,42.6001,-73.9662,39.76,87,100,2.59
200,Sept-Iles,CA,2022-04-03 21:45:02,50.2001,-66.3821,43.32,33,20,12.66
201,Aden,YE,2022-04-03 21:45:13,12.7794,45.0367,81.9,63,6,9.93
202,Murindo,CO,2022-04-03 21:49:42,6.9848,-76.7544,78.6,92,99,2.62
203,Prince Rupert,CA,2022-04-03 21:46:57,54.3161,-130.3201,42.89,81,75,26.46
204,Yulara,AU,2022-04-03 21:49:42,-25.2406,130.9889,51.64,43,0,4.61
205,Fairbanks,US,2022-04-03 21:45:13,64.8378,-147.7164,27.25,57,0,5.75
206,Hofn,IS,2022-04-03 21:49:43,64.2539,-15.2082,35.69,85,100,19.95
207,Sokol,RU,2022-04-03 21:49:44,59.4617,40.1206,18.57,94,16,4.38
208,Christchurch,NZ,2022-04-03 21:47:02,-43.5333,172.6333,62.94,79,100,3.44
209,Bonavista,CA,2022-04-03 21:48:59,48.6499,-53.1147,35.87,88,99,15.48
210,Hamilton,US,2022-04-03 21:40:47,39.1834,-84.5333,58.75,44,40,4.61
211,Sfantu Gheorghe,RO,2022-04-03 21:49:45,45.8667,25.7833,32.94,93,100,11.21
212,Archidona,ES,2022-04-03 21:49:45,37.0965,-4.3887,48.67,83,100,4.03
213,Zyryanka,RU,2022-04-03 21:49:46,65.75,150.85,-7.87,96,72,1.97
214,Ouahigouya,BF,2022-04-03 21:49:46,13.5828,-2.4216,92.44,13,100,6.31
215,Daru,PG,2022-04-03 21:41:56,-9.0763,143.2092,81.19,78,26,5.64
216,Eyl,SO,2022-04-03 21:49:47,7.9803,49.8164,77.7,79,5,7.49
217,Bac Lieu,VN,2022-04-03 21:49:47,9.285,105.7244,78.82,81,99,17.25
218,Den Helder,NL,2022-04-03 21:46:47,52.9599,4.7593,44.58,72,40,17.0
219,Jiayuguan,CN,2022-04-03 21:49:48,39.8167,98.3,43.93,25,2,7.99
220,Saldanha,ZA,2022-04-03 21:47:29,-33.0117,17.9442,57.25,81,0,8.37
221,Sur,OM,2022-04-03 21:49:49,22.5667,59.5289,82.06,43,24,10.85
222,Galle,LK,2022-04-03 21:49:49,6.0367,80.217,78.69,82,76,1.92
223,Ridgecrest,US,2022-04-03 21:49:50,35.6225,-117.6709,80.46,15,0,8.05
224,Kanniyakumari,IN,2022-04-03 21:49:50,8.0833,77.5667,80.76,80,10,5.64
225,Antofagasta,CL,2022-04-03 21:46:03,-23.65,-70.4,63.68,74,14,7.99
226,Seymchan,RU,2022-04-03 21:49:51,62.8833,152.4333,-6.16,97,80,2.01
227,Ginda,IN,2022-04-03 21:49:52,30.6945,78.4932,53.98,21,5,9.13
228,Kieta,PG,2022-04-03 21:50:52,-6.2167,155.6333,82.38,76,78,2.46
229,Cayenne,GF,2022-04-03 21:37:17,4.9333,-52.3333,80.1,1,100,5.75
230,Colares,PT,2022-04-03 21:50:53,38.7992,-9.4469,55.08,55,48,20.0
231,Klaksvik,FO,2022-04-03 21:50:53,62.2266,-6.589,45.52,98,100,12.86
232,Mackay,AU,2022-04-03 21:47:26,-21.15,149.2,78.67,94,75,6.91
233,Sobolevo,RU,2022-04-03 21:50:54,54.4299,31.8996,22.44,90,99,6.04
234,Margate,GB,2022-04-03 21:43:32,51.3813,1.3862,39.69,65,78,3.0
235,Kouqian,CN,2022-04-03 21:50:54,43.6391,126.4578,46.67,43,0,17.96
236,Arlit,NE,2022-04-03 21:50:55,18.7369,7.3853,87.71,6,44,5.61
237,Nanortalik,GL,2022-04-03 21:50:55,60.1432,-45.2371,35.38,81,95,5.61
238,Lagoa,PT,2022-04-03 21:43:16,39.05,-27.9833,59.02,81,16,18.7
239,Portland,US,2022-04-03 21:47:37,45.5234,-122.6762,59.05,64,100,14.97
240,Aswan,EG,2022-04-03 21:50:56,24.0934,32.907,92.5,16,0,11.5
241,Alur,IN,2022-04-03 21:50:56,12.9833,75.9833,69.85,87,57,5.12
242,Hervey Bay,AU,2022-04-03 21:48:55,-25.2986,152.8535,71.02,91,1,5.99
243,Havre-Saint-Pierre,CA,2022-04-03 21:50:57,50.2334,-63.5986,35.96,69,0,16.11
244,Ust-Uda,RU,2022-04-03 21:50:57,54.1742,103.0304,14.56,96,99,3.69
245,San Patricio,US,2022-04-03 21:43:30,28.017,-97.5169,86.18,50,0,14.63
246,Podor,MR,2022-04-03 21:50:58,16.6527,-14.9587,80.55,44,0,4.61
247,Marneuli,GE,2022-04-03 21:50:59,41.4759,44.8089,65.14,49,86,7.14
248,Kirakira,SB,2022-04-03 21:50:59,-10.4544,161.9205,81.82,83,95,10.29
249,Charleston,US,2022-04-03 21:49:06,32.7766,-79.9309,77.02,29,0,9.22
250,Moose Factory,CA,2022-04-03 21:51:00,51.2585,-80.6094,30.2,54,100,10.36
251,Varanasi,IN,2022-04-03 21:51:00,25.3333,83.0,78.03,10,0,3.67
252,Kloulklubed,PW,2022-04-03 21:51:00,7.0419,134.2556,80.55,78,100,5.68
253,Danville,US,2022-04-03 21:51:01,36.586,-79.395,65.05,22,0,10.36
254,Barabinsk,RU,2022-04-03 21:51:01,55.3571,78.357,33.19,100,100,6.35
255,Emba,KZ,2022-04-03 21:51:02,48.8264,58.1442,46.53,57,100,12.8
256,Dayong,CN,2022-04-03 21:50:31,25.0209,118.2898,50.05,77,0,3.24
257,Perbaungan,ID,2022-04-03 21:51:03,3.5679,98.956,75.31,93,100,5.53
258,Sale,MA,2022-04-03 21:51:03,34.0389,-6.8166,57.74,100,75,0.0
259,Comodoro Rivadavia,AR,2022-04-03 21:51:04,-45.8667,-67.5,60.66,29,0,23.02
260,Carnarvon,AU,2022-04-03 21:47:56,-24.8667,113.6333,77.07,83,40,9.22
261,Salina,US,2022-04-03 21:50:50,38.8403,-97.6114,68.02,44,100,14.97
262,Turukhansk,RU,2022-04-03 21:51:05,65.8167,87.9833,-6.63,100,29,4.83
263,Plock,PL,2022-04-03 21:51:05,52.5468,19.7064,31.24,69,99,8.61
264,Kaeo,NZ,2022-04-03 21:51:06,-35.1,173.7833,68.32,90,20,2.33
265,Pangnirtung,CA,2022-04-03 21:51:06,66.1451,-65.7125,24.26,94,100,2.46
266,Sitio Novo Do Tocantins,BR,2022-04-03 21:51:07,-5.5183,-47.4611,75.51,94,100,3.6
267,Goundi,TD,2022-04-03 21:51:08,9.3627,17.366,90.27,31,42,11.72
268,Dong Xoai,VN,2022-04-03 21:51:09,11.5333,106.9167,72.54,78,94,5.48
269,Pleasanton,US,2022-04-03 21:50:32,37.6624,-121.8747,83.12,39,0,11.5
270,Pauini,BR,2022-04-03 21:47:07,-7.7136,-66.9764,78.73,79,97,3.13
271,Kysyl-Syr,RU,2022-04-03 21:51:10,63.8986,122.7617,15.55,96,100,4.59
272,Coahuayana,MX,2022-04-03 21:51:10,18.7333,-103.6833,83.66,51,78,7.9
273,Baruun-Urt,MN,2022-04-03 21:51:11,46.6806,113.2792,35.19,66,95,10.69
274,Gamba,GA,2022-04-03 21:52:11,-2.65,10.0,77.16,94,98,3.04
275,Port Augusta,AU,2022-04-03 21:52:12,-32.5,137.7667,62.92,57,1,2.37
276,Varhaug,NO,2022-04-03 21:52:12,58.6147,5.6457,40.89,97,100,20.71
277,Biltine,TD,2022-04-03 21:52:13,14.5333,20.9167,85.3,11,48,9.91
278,Nouakchott,MR,2022-04-03 21:50:32,18.0858,-15.9785,64.33,84,2,11.56
279,Port-Gentil,GA,2022-04-03 21:52:14,-0.7193,8.7815,81.25,80,52,5.93
280,Shelburne,CA,2022-04-03 21:50:43,44.0787,-80.2041,38.75,80,100,12.8
281,Ratangarh,IN,2022-04-03 21:52:16,28.0833,74.6,76.64,6,0,5.44
282,Pontianak,ID,2022-04-03 21:52:16,-0.0333,109.3333,75.18,100,75,2.3
283,Vardo,NO,2022-04-03 21:52:17,70.3705,31.1107,27.28,68,88,10.69
284,Abapo,BO,2022-04-03 21:52:17,-18.8333,-63.4667,76.24,52,58,8.68
285,Atambua,ID,2022-04-03 21:52:18,-9.1061,124.8925,71.02,83,18,2.51
286,Faya,SA,2022-04-03 21:50:31,18.3851,42.4509,62.71,32,93,2.21
287,Roma,US,2022-04-03 21:52:19,43.2128,-75.4557,38.95,93,100,11.01
288,Keti Bandar,PK,2022-04-03 21:52:19,24.1447,67.4497,77.61,67,17,11.3
289,Tasiilaq,GL,2022-04-03 21:47:34,65.6145,-37.6368,26.76,94,95,6.08
290,Lorengau,PG,2022-04-03 21:52:20,-2.0226,147.2712,81.14,76,100,1.43
291,Paysandu,UY,2022-04-03 21:52:20,-32.3214,-58.0756,64.6,97,100,3.49
292,Los Llanos De Aridane,ES,2022-04-03 21:49:11,28.6585,-17.9182,56.95,97,75,13.0
293,Velen,DE,2022-04-03 21:52:21,51.9,6.9833,38.59,83,46,6.89
294,Belyy Yar,RU,2022-04-03 21:52:22,53.6039,91.3903,35.85,93,40,6.71
295,Leshukonskoye,RU,2022-04-03 21:52:22,64.8989,45.7622,18.27,96,97,4.36
296,Severnoye,RU,2022-04-03 21:52:23,56.3491,78.3619,33.1,99,100,7.25
297,Kutum,SD,2022-04-03 21:52:23,14.2,24.6667,75.79,12,80,6.82
298,Beni Mazar,EG,2022-04-03 21:52:24,28.4962,30.8029,70.54,21,4,12.08
299,Sterlitamak,RU,2022-04-03 21:49:00,53.6246,55.9502,39.04,90,100,7.38
300,Teahupoo,PF,2022-04-03 21:52:24,-17.8333,-149.2667,80.56,76,30,13.89
301,Mildura,AU,2022-04-03 21:52:25,-34.2,142.15,55.08,82,0,3.44
302,Tingi,TZ,2022-04-03 21:52:25,-11.3,35.0333,63.75,94,91,3.18
303,Olinda,BR,2022-04-03 21:52:26,-8.0089,-34.8553,82.13,78,75,9.22
304,Ketchikan,US,2022-04-03 21:52:26,55.3422,-131.6461,44.58,70,100,23.02
305,Mahajanga,MG,2022-04-03 21:52:27,-15.7167,46.3167,78.82,89,20,2.3
306,Mar Del Plata,AR,2022-04-03 21:51:08,-38.0023,-57.5575,60.82,73,75,17.27
307,Sembakung,ID,2022-04-03 21:52:27,3.8167,117.25,73.02,99,75,0.49
308,Bathsheba,BB,2022-04-03 21:52:28,13.2167,-59.5167,83.01,61,20,18.41
309,Ulladulla,AU,2022-04-03 21:50:14,-35.35,150.4667,63.5,59,100,8.9
310,Adrar,MR,2022-04-03 21:52:29,20.5022,-10.0711,78.26,11,0,12.17
311,Neiafu,TO,2022-04-03 21:52:29,-18.65,-173.9833,83.08,74,75,8.05
312,Chokurdakh,RU,2022-04-03 21:52:29,70.6333,147.9167,-14.85,99,77,3.13
313,Tuatapere,NZ,2022-04-03 21:52:30,-46.1333,167.6833,54.88,74,59,2.44
314,Changtu,CN,2022-04-03 21:52:30,42.7788,124.0955,47.14,45,0,21.36
315,Opuwo,NA,2022-04-03 21:52:31,-18.0607,13.84,66.43,69,39,5.48
316,Biak,ID,2022-04-03 21:52:31,-0.9131,122.8766,76.77,84,100,2.53
317,Talnakh,RU,2022-04-03 21:52:32,69.4865,88.3972,-0.17,97,84,6.93
318,Gari,RU,2022-04-03 21:52:32,59.4307,62.3497,37.6,99,100,12.15
319,Kavieng,PG,2022-04-03 21:52:33,-2.5744,150.7967,82.29,73,99,4.68
320,Rocha,UY,2022-04-03 21:50:38,-34.4833,-54.3333,67.46,78,96,5.91
321,Longyan,CN,2022-04-03 21:53:33,25.1072,117.0225,47.93,81,0,3.33
322,Eureka,US,2022-04-03 21:53:34,40.8021,-124.1637,65.75,69,99,5.99
323,Sao Pedro Do Sul,BR,2022-04-03 21:53:34,-29.6206,-54.1789,63.25,99,100,5.32
324,Agadez,NE,2022-04-03 21:51:29,19.75,10.25,85.03,5,0,5.75
325,Damaturu,NG,2022-04-03 21:53:35,11.747,11.9608,85.86,9,23,4.94
326,Dryden,CA,2022-04-03 21:53:36,49.7833,-92.7503,35.89,69,100,5.75
327,Mawlaik,MM,2022-04-03 21:53:36,23.6333,94.4167,71.42,80,8,1.72
328,Olafsvik,IS,2022-04-03 21:53:36,64.8945,-23.7142,34.54,89,100,20.94
329,Grindavik,IS,2022-04-03 21:53:37,63.8424,-22.4338,39.15,100,75,11.5
330,Khash,IR,2022-04-03 21:53:38,28.2211,61.2158,64.87,14,0,2.82
331,Inongo,CD,2022-04-03 21:53:38,-1.95,18.2667,73.04,91,96,1.7
332,Pratapgarh,IN,2022-04-03 21:53:39,24.0333,74.7833,80.2,13,0,5.03
333,Astoria,US,2022-04-03 21:53:39,46.1879,-123.8313,51.69,90,100,20.71
334,Acapulco,MX,2022-04-03 21:52:33,16.8634,-99.8901,83.93,55,19,11.27
335,Sarangani,PH,2022-04-03 21:53:40,5.4033,125.4636,81.7,74,97,5.37
336,Goderich,CA,2022-04-03 21:49:55,43.7501,-81.7165,35.92,80,43,10.36
337,Asau,RO,2022-04-03 21:53:41,46.4333,26.4,31.12,93,100,0.89
338,Salamanca,ES,2022-04-03 21:53:42,40.8333,-6.0,36.99,63,0,19.91
339,Coquimbo,CL,2022-04-03 21:53:42,-29.9533,-71.3436,62.33,77,0,12.66
340,Ulaangom,MN,2022-04-03 21:53:43,49.9811,92.0667,19.38,76,40,2.13
341,Chitungwiza,ZW,2022-04-03 21:53:43,-18.0127,31.0756,63.45,91,7,5.26
342,Baykit,RU,2022-04-03 21:53:44,61.67,96.37,-2.0,100,61,2.98
343,Hasaki,JP,2022-04-03 21:53:44,35.7333,140.8333,48.6,74,99,17.87
344,Green Valley,US,2022-04-03 21:53:44,31.8543,-110.9937,84.43,14,10,16.46
345,Rawson,AR,2022-04-03 21:50:48,-43.3002,-65.1023,59.23,34,10,5.97
346,Touros,BR,2022-04-03 21:53:45,-5.1989,-35.4608,77.65,88,100,9.57
347,Ponta Do Sol,PT,2022-04-03 21:53:46,32.6667,-17.1,61.43,75,100,13.8
348,Tambun,ID,2022-04-03 21:53:46,-6.2641,107.0712,83.46,74,100,2.28
349,San Andres,CO,2022-04-03 21:49:12,12.5847,-81.7006,86.02,66,20,14.97
350,Jambi,ID,2022-04-03 21:53:47,-1.6,103.6167,72.41,97,32,1.52
351,Huinan,CN,2022-04-03 21:53:47,42.6225,126.2614,42.66,53,0,14.09
352,Graham,US,2022-04-03 21:53:47,47.0529,-122.2943,54.66,65,100,24.16
353,Belaya Gora,RU,2022-04-03 21:53:48,68.5333,146.4167,-9.45,100,98,0.72
354,Kpandae,GH,2022-04-03 21:53:48,8.4689,-0.0113,86.74,43,100,1.19
355,Sao Sebastiao Do Paraiso,BR,2022-04-03 21:53:49,-20.9169,-46.9914,67.23,91,59,4.0
356,Ketou,BJ,2022-04-03 21:53:49,7.3633,2.5998,80.56,80,98,9.46
357,Maceio,BR,2022-04-03 21:49:58,-9.6658,-35.7353,78.24,83,75,9.22
358,Dauphin,CA,2022-04-03 21:52:47,51.1494,-100.0502,37.54,65,75,11.5
359,Batticaloa,LK,2022-04-03 21:53:50,7.7102,81.6924,78.48,82,2,5.19
360,Toowoomba,AU,2022-04-03 21:53:50,-27.55,151.9667,62.26,95,99,3.0
361,Mogadishu,SO,2022-04-03 21:50:09,2.0371,45.3438,81.1,80,66,14.29
362,Vao,NC,2022-04-03 21:53:51,-22.6667,167.4833,79.39,87,79,17.52
363,Nioki,CD,2022-04-03 21:53:52,-2.7167,17.6833,73.87,81,76,2.93
364,Caravelas,BR,2022-04-03 21:54:52,-17.7125,-39.2481,76.71,78,0,5.5
365,Constitucion,CL,2022-04-03 21:54:53,-35.3333,-72.4167,60.4,50,0,19.66
366,Weiden,DE,2022-04-03 21:54:53,49.6775,12.1567,28.85,80,0,0.0
367,Barentu,ER,2022-04-03 21:54:53,15.1139,37.5928,81.79,37,67,6.13
368,Rawah,IQ,2022-04-03 21:54:54,34.4816,41.9093,71.89,30,80,10.13
369,Ikom,NG,2022-04-03 21:54:54,5.9667,8.7063,74.62,89,100,2.62
370,Tomatlan,MX,2022-04-03 21:54:55,19.9333,-105.25,86.47,41,33,13.18
371,Mitu,CO,2022-04-03 21:54:55,1.1983,-70.1733,77.25,93,84,1.54
372,Yantal,RU,2022-04-03 21:54:55,56.8471,105.2542,12.67,96,89,2.98
373,Tahoua,NE,2022-04-03 21:54:56,14.8888,5.2692,82.29,5,81,2.84
374,Muros,ES,2022-04-03 21:51:41,42.7762,-9.0603,47.08,60,0,21.61
375,Ust-Maya,RU,2022-04-03 21:54:56,60.4167,134.5333,14.29,90,100,1.95
376,Ostrovnoy,RU,2022-04-03 21:51:32,68.0531,39.5131,9.64,96,97,6.33
377,Medina Del Campo,ES,2022-04-03 21:54:57,41.3124,-4.9141,32.72,65,1,18.14
378,Punto Fijo,VE,2022-04-03 21:54:58,11.6956,-70.1996,80.37,74,72,29.86
379,Iquique,CL,2022-04-03 21:54:58,-20.2208,-70.1431,68.04,73,4,7.72
380,Arica,CL,2022-04-03 21:51:30,-18.475,-70.3042,74.75,60,0,10.36
381,Tulagi,SB,2022-04-03 21:54:59,-9.0996,160.1476,82.4,74,94,12.21
382,Benjamin Aceval,PY,2022-04-03 21:54:59,-24.9667,-57.5667,86.59,65,100,3.87
383,Valentigney,FR,2022-04-03 21:54:59,47.4639,6.8317,32.95,94,40,2.82
384,Aviles,ES,2022-04-03 21:55:00,43.5547,-5.9248,43.93,82,40,3.44
385,Poum,NC,2022-04-03 21:55:00,-20.2333,164.0167,82.35,82,100,18.01
386,Houma,US,2022-04-03 21:55:01,29.5958,-90.7195,80.01,49,0,10.36
387,Tripoli,LY,2022-04-03 21:55:01,32.8752,13.1875,58.77,81,4,26.55
388,Coatesville,US,2022-04-03 21:55:02,39.9832,-75.8238,50.81,62,75,28.77
389,Mumford,GH,2022-04-03 21:55:02,5.2618,-0.759,82.18,85,100,13.98
390,Kushima,JP,2022-04-03 21:55:03,31.4583,131.2333,50.11,56,0,3.78
391,Paamiut,GL,2022-04-03 21:55:04,61.994,-49.6678,33.94,82,90,6.55
392,Ayan,RU,2022-04-03 21:55:04,56.45,138.1667,25.61,95,100,19.04
393,Ekhabi,RU,2022-04-03 21:55:05,53.5102,142.9671,35.76,84,75,13.51
394,Puerto Cabezas,NI,2022-04-03 21:55:05,14.0351,-83.3888,84.16,74,40,6.91
395,Manta,EC,2022-04-03 21:55:06,-0.95,-80.7333,80.38,78,40,6.91
396,Rabo De Peixe,PT,2022-04-03 21:55:06,37.8,-25.5833,56.71,72,20,5.75
397,Byron Bay,AU,2022-04-03 21:55:07,-28.65,153.6167,64.71,89,97,1.54
398,Sitka,US,2022-04-03 21:55:08,57.0531,-135.33,40.89,75,75,18.41
399,Grand Junction,US,2022-04-03 21:53:06,39.0639,-108.5507,63.3,39,100,4.0
400,Manggar,ID,2022-04-03 21:55:09,-2.8833,108.2667,77.83,84,67,3.4
401,Praia Da Vitoria,PT,2022-04-03 21:54:32,38.7333,-27.0667,59.76,94,40,14.81
402,Kampot,KH,2022-04-03 21:55:10,10.6167,104.1833,78.85,77,89,11.32
403,Saint-Georges,GD,2022-04-03 21:55:10,12.0564,-61.7485,82.08,65,20,26.46
404,Vila Franca Do Campo,PT,2022-04-03 21:53:15,37.7167,-25.4333,57.61,74,17,12.44
405,Austin,US,2022-04-03 21:50:44,30.2672,-97.7431,88.5,41,0,12.66
406,Noumea,NC,2022-04-03 21:55:11,-22.2763,166.4572,82.99,99,92,10.36
407,Ramban,IN,2022-04-03 21:55:11,33.25,75.25,59.23,39,0,9.24
408,Havoysund,NO,2022-04-03 21:55:12,70.9963,24.6622,28.63,59,100,16.06
409,Moron,AR,2022-04-03 21:51:27,-34.6534,-58.6198,66.0,97,96,3.11
410,Perez,AR,2022-04-03 21:56:13,-32.9983,-60.7679,72.91,75,75,12.66
411,Auki,SB,2022-04-03 21:56:13,-8.7676,160.7034,79.47,86,100,5.32
412,Nador,MA,2022-04-03 21:56:14,35.174,-2.9287,57.45,62,100,17.27
413,Tayu,ID,2022-04-03 21:56:14,-6.5397,111.0518,76.1,85,100,4.09
414,Kamyshla,RU,2022-04-03 21:56:15,54.1169,52.1426,39.87,95,100,7.05
415,Soe,ID,2022-04-03 21:56:15,-9.8607,124.284,63.19,87,13,3.47
416,Velikiy Ustyug,RU,2022-04-03 21:56:16,60.7644,46.3106,23.36,92,99,8.14
417,Tabou,CI,2022-04-03 21:56:16,4.423,-7.3528,80.35,83,100,10.47
418,North Bend,US,2022-04-03 21:53:03,43.4065,-124.2243,60.93,64,75,12.66
419,Taltal,CL,2022-04-03 21:56:17,-25.4,-70.4833,66.72,67,21,5.1
420,Pisco,PE,2022-04-03 21:56:18,-13.7,-76.2167,71.65,73,0,20.71
421,Kajaani,FI,2022-04-03 21:56:18,64.2273,27.7285,10.45,85,0,1.14
422,Beringovskiy,RU,2022-04-03 21:56:18,63.05,179.3167,-1.05,79,31,16.71
423,Mount Isa,AU,2022-04-03 21:56:19,-20.7333,139.5,73.17,21,83,9.22
424,Gigmoto,PH,2022-04-03 21:56:20,13.7796,124.39,78.42,86,89,13.18
425,Balvi,LV,2022-04-03 21:56:20,57.1313,27.2658,26.91,92,55,5.68
426,Lata,PT,2022-04-03 21:52:25,40.1629,-8.3327,41.9,49,9,6.24
427,Sayat,TM,2022-04-03 21:56:21,38.7839,63.8803,62.47,27,0,9.28
428,Waling,NP,2022-04-03 21:56:21,27.9833,83.7667,64.71,73,6,4.41
429,Durango,MX,2022-04-03 21:56:06,24.8333,-104.8333,83.21,7,0,21.7
430,Dublin,US,2022-04-03 21:56:23,37.7021,-121.9358,83.03,42,29,7.0
431,Trat,TH,2022-04-03 21:56:23,12.5,102.5,67.19,77,89,10.04
432,Yerbogachen,RU,2022-04-03 21:51:52,61.2767,108.0108,6.53,93,96,7.72
433,Port Hardy,CA,2022-04-03 21:56:24,50.6996,-127.4199,44.78,81,75,13.8
434,Paita,PE,2022-04-03 21:56:25,-5.0892,-81.1144,75.33,75,47,18.54
435,Khargone,IN,2022-04-03 21:56:25,21.8167,75.6,84.47,19,4,8.68
436,Salym,RU,2022-04-03 21:56:25,60.0625,71.4789,33.8,97,100,13.38
437,Muyezerskiy,RU,2022-04-03 21:56:26,63.9333,31.65,11.84,97,70,4.29
438,San Jose,US,2022-04-03 21:54:07,37.3394,-121.895,79.59,35,0,17.27
439,Hastings,GB,2022-04-03 21:56:26,50.8552,0.5729,43.52,70,79,10.09
440,Dunedin,NZ,2022-04-03 21:55:11,-45.8742,170.5036,57.79,69,96,3.0
441,Amahai,ID,2022-04-03 21:56:27,-3.3333,128.9167,78.12,83,99,3.02
442,Hakkari,TR,2022-04-03 21:56:28,37.5833,44.1667,38.79,75,100,2.19
443,Puerto Escondido,MX,2022-04-03 21:56:28,15.85,-97.0667,85.82,52,3,9.28
444,Tecpan,GT,2022-04-03 21:56:29,14.7623,-90.9947,72.9,63,48,5.21
445,Walvis Bay,NA,2022-04-03 21:56:29,-22.9575,14.5053,59.09,88,0,1.14
446,San Cristobal,VE,2022-04-03 21:56:30,7.7669,-72.225,78.98,56,46,4.36
447,Belogorsk,RU,2022-04-03 21:56:30,50.9158,128.4611,34.88,85,100,6.96
448,Joutseno,FI,2022-04-03 21:56:31,61.118,28.5076,26.65,78,100,4.63
449,Humboldt,US,2022-04-03 21:56:31,40.6665,-123.9178,56.68,43,96,7.54
450,Camargo,MX,2022-04-03 21:56:32,27.6667,-105.1667,87.73,5,13,1.66
451,Seoul,KR,2022-04-03 21:56:32,37.5683,126.9778,37.0,87,0,4.61
452,Kyra,RU,2022-04-03 21:56:32,49.5776,111.9753,27.81,81,85,1.7
453,Kyren,RU,2022-04-03 21:56:33,51.6828,102.1408,25.57,95,100,3.56
454,Bukachacha,RU,2022-04-03 21:56:33,52.9833,116.9167,9.72,88,42,2.3
455,Gat,IL,2022-04-03 21:56:34,31.61,34.7642,73.4,48,75,4.94
456,Ipixuna,BR,2022-04-03 21:56:34,-1.7625,-48.8043,74.98,96,97,3.89
457,Nauta,PE,2022-04-03 21:56:35,-4.5061,-73.5757,80.31,77,96,0.78
458,Betare Oya,CM,2022-04-03 21:56:35,5.6,14.0833,74.55,61,95,3.53
459,Minna,NG,2022-04-03 21:57:35,9.6139,6.5569,89.01,30,98,3.71
460,Luderitz,NA,2022-04-03 21:57:36,-26.6481,15.1594,59.65,87,0,5.59
461,Taoudenni,ML,2022-04-03 21:54:36,22.6783,-3.9836,87.19,10,0,9.17
462,Sola,VU,2022-04-03 21:57:37,-13.8833,167.55,81.27,89,100,5.75
463,Chai Badan,TH,2022-04-03 21:57:38,15.2,101.1333,71.08,53,100,13.6
464,Kavaratti,IN,2022-04-03 21:57:38,10.5669,72.642,82.11,71,84,6.67
465,Kwinana,AU,2022-04-03 21:57:39,-32.25,115.7667,69.94,100,100,18.34
466,Chapais,CA,2022-04-03 21:57:39,49.7834,-74.8492,38.98,86,100,5.28
467,Haines Junction,CA,2022-04-03 21:57:05,60.7522,-137.5108,39.15,41,100,5.75
468,Along,IN,2022-04-03 21:57:40,28.1667,94.7667,66.31,99,100,0.51
469,Broken Hill,AU,2022-04-03 21:57:40,-31.95,141.4333,51.51,76,0,0.0
470,Smithers,CA,2022-04-03 21:54:32,54.7804,-127.1743,44.92,31,75,11.5
471,Nara,JP,2022-04-03 21:57:41,34.6851,135.8049,48.96,68,62,4.47
472,Nizwa,OM,2022-04-03 21:57:41,22.9333,57.5333,74.75,29,0,3.65
473,Richards Bay,ZA,2022-04-03 21:57:17,-28.783,32.0377,75.63,81,99,9.44
474,Tura,IN,2022-04-03 21:57:42,25.5198,90.2201,68.5,97,21,6.4
475,Luganville,VU,2022-04-03 21:57:42,-15.5333,167.1667,78.03,86,100,11.9
476,Champerico,GT,2022-04-03 21:57:43,14.3,-91.9167,95.54,63,2,14.43
477,Te Anau,NZ,2022-04-03 21:57:43,-45.4167,167.7167,56.03,50,35,0.49
478,Chase,CA,2022-04-03 21:57:44,50.8165,-119.6857,59.14,57,91,7.58
479,Alegrete,BR,2022-04-03 21:57:44,-29.7831,-55.7919,64.51,99,100,5.88
480,Strezhevoy,RU,2022-04-03 21:56:48,60.7333,77.5889,25.65,93,100,15.03
481,Vila Velha,BR,2022-04-03 21:54:48,-20.3297,-40.2925,82.35,80,20,8.05
482,Codrington,AU,2022-04-03 21:57:45,-38.2667,141.9667,59.32,80,98,3.89
483,Kawasaki,JP,2022-04-03 21:53:15,35.5206,139.7172,49.17,94,75,19.57
484,Cumana,VE,2022-04-03 21:57:45,10.4635,-64.1775,77.88,79,33,16.13
485,Odienne,CI,2022-04-03 21:57:46,9.51,-7.5692,75.65,77,93,3.94
486,Itainopolis,BR,2022-04-03 21:57:46,-7.4469,-41.4783,83.07,43,84,6.2
487,Atikokan,CA,2022-04-03 21:57:47,48.7555,-91.6216,33.87,88,100,3.09
488,Imbituba,BR,2022-04-03 21:55:54,-28.24,-48.6703,72.82,92,100,12.82
489,La Ciotat,FR,2022-04-03 21:57:47,43.1748,5.6045,46.56,72,60,7.2
490,Padang,ID,2022-04-03 21:57:48,-0.9492,100.3543,75.65,84,24,4.12
491,Sao Joao Da Barra,BR,2022-04-03 21:57:48,-21.6403,-41.0511,78.89,87,9,7.99
492,Kenai,US,2022-04-03 21:57:49,60.5544,-151.2583,43.03,70,100,6.98
493,Dergaon,IN,2022-04-03 21:57:49,26.7,93.9667,70.43,91,99,3.51
494,Mehamn,NO,2022-04-03 21:57:50,71.0357,27.8492,26.55,54,75,9.22
495,Talcahuano,CL,2022-04-03 21:53:38,-36.7167,-73.1167,60.48,59,0,20.71
496,Aloleng,PH,2022-04-03 21:57:50,16.1307,119.7824,78.53,70,87,6.15
497,Kanashevo,RU,2022-04-03 21:57:51,55.2169,62.0634,45.16,88,100,12.24
498,Kulhudhuffushi,MV,2022-04-03 21:57:51,6.6221,73.07,82.85,71,9,4.45
499,Homer,US,2022-04-03 21:57:52,59.6425,-151.5483,40.05,71,100,1.99
500,Tuni,IN,2022-04-03 21:57:52,17.35,82.55,76.62,85,18,3.89
501,Stolin,BY,2022-04-03 21:57:53,51.8912,26.846,24.75,85,84,8.88
502,Luanda,AO,2022-04-03 21:57:38,-8.8368,13.2343,78.8,89,75,10.36
503,Zhigansk,RU,2022-04-03 21:57:53,66.7697,123.3711,0.3,96,80,9.98
504,Ibra,OM,2022-04-03 21:57:54,22.6906,58.5334,73.51,39,17,1.81
505,Santa Rosa,PH,2022-04-03 21:56:40,14.3122,121.1114,78.12,78,93,11.97
506,Porto Empedocle,IT,2022-04-03 21:58:54,37.2934,13.5264,49.32,69,100,5.32
507,Port Shepstone,ZA,2022-04-03 21:58:55,-30.7414,30.455,73.08,87,45,7.09
508,Phuket,TH,2022-04-03 21:58:55,8.0,98.25,77.22,88,20,3.44
509,Atasu,KZ,2022-04-03 21:58:55,48.6814,71.6433,35.96,72,100,5.64
510,Holme,DK,2022-04-03 21:58:56,56.1138,10.1725,42.37,89,100,18.14
511,Asfi,MA,2022-04-03 21:58:56,32.2994,-9.2372,59.52,73,48,8.81
512,Odweyne,SO,2022-04-03 21:58:57,9.4092,45.064,73.92,30,11,6.58
513,Segovia,ES,2022-04-03 21:57:37,41.1667,-4.0,32.43,78,19,8.14
514,Yuncheng,CN,2022-04-03 21:58:57,35.0231,110.9928,53.47,75,100,4.81
515,Princeton,US,2022-04-03 21:58:58,25.5384,-80.4089,81.01,81,40,9.22
516,Berlevag,NO,2022-04-03 21:58:58,70.8578,29.0864,26.6,59,40,12.66
517,Honiara,SB,2022-04-03 21:58:59,-9.4333,159.95,81.14,83,99,5.79
518,Harper,LR,2022-04-03 21:57:02,4.375,-7.7169,80.29,83,100,10.18
519,Huarmey,PE,2022-04-03 21:58:59,-10.0681,-78.1522,73.17,77,16,11.18
520,Hayrabolu,TR,2022-04-03 21:59:00,41.2131,27.1069,47.61,83,81,7.49
521,Kudahuvadhoo,MV,2022-04-03 21:59:00,2.6708,72.8944,82.49,64,7,2.57
522,Kologriv,RU,2022-04-03 21:59:01,58.8275,44.3178,24.03,90,100,8.46
523,Port Moresby,PG,2022-04-03 21:59:01,-9.4431,147.1797,74.62,94,40,5.75
524,Grenaa,DK,2022-04-03 21:59:02,56.4158,10.8783,43.02,93,100,24.34
525,Saint-Pierre,RE,2022-04-03 21:59:02,-21.3393,55.4781,73.08,94,0,3.44
526,Thunder Bay,CA,2022-04-03 21:55:08,48.4001,-89.3168,40.98,65,40,11.5
527,Cervo,ES,2022-04-03 21:59:03,43.6702,-7.4101,47.97,61,36,19.75
528,Sabang,ID,2022-04-03 21:59:03,5.8933,95.3214,80.55,76,100,9.75
529,Boshnyakovo,RU,2022-04-03 21:59:04,49.6333,142.1667,38.19,72,20,17.38
530,Hami,CN,2022-04-03 21:59:04,42.8,93.45,51.75,27,0,7.4
531,Usak,TR,2022-04-03 21:59:05,38.5,29.4167,46.81,54,99,5.23
532,Dorogobuzh,RU,2022-04-03 21:59:05,54.915,33.2972,23.97,92,100,5.48
533,Maningrida,AU,2022-04-03 21:59:06,-12.0667,134.2667,78.28,83,54,2.33
534,Dashitou,CN,2022-04-03 21:59:07,43.3067,128.5114,39.29,55,0,5.73
535,Uttaradit,TH,2022-04-03 21:59:07,17.6667,100.5,66.11,63,50,3.51
536,Viransehir,TR,2022-04-03 21:59:08,37.2353,39.7631,56.12,62,100,4.36
537,Hit,IQ,2022-04-03 21:59:08,33.6416,42.8251,73.98,24,57,13.65
538,Avera,US,2022-04-03 21:59:08,33.194,-82.5271,74.55,34,0,8.75
539,Hulan Ergi,CN,2022-04-03 21:59:09,47.2042,123.6333,45.61,40,41,7.87
540,Thai Nguyen,VN,2022-04-03 21:59:09,21.5928,105.8442,62.38,77,0,2.64
541,Knysna,ZA,2022-04-03 21:59:10,-34.0363,23.0471,60.94,90,30,3.0
542,Cockburn Town,TC,2022-04-03 21:56:30,21.4612,-71.1419,82.36,69,40,17.27
543,Nouadhibou,MR,2022-04-03 21:59:11,20.931,-17.0347,66.18,88,0,10.36
544,Dondo,MZ,2022-04-03 21:59:12,-19.6094,34.7431,78.31,91,0,5.06
545,Suoyarvi,RU,2022-04-03 21:59:12,62.0833,32.35,9.79,99,78,3.27
546,Tatarsk,RU,2022-04-03 21:59:13,55.219,75.9828,33.15,100,100,6.58
547,Sharjah,AE,2022-04-03 21:55:23,25.3573,55.4033,78.78,68,0,3.44
548,Obama,JP,2022-04-03 21:59:14,35.4958,135.746,49.95,81,60,5.66
549,Camacha,PT,2022-04-03 21:57:00,33.0833,-16.3333,58.42,67,75,29.93
550,Havelock,US,2022-04-03 21:55:38,34.8791,-76.9013,75.18,23,0,12.66
551,Nemuro,JP,2022-04-03 22:00:15,43.3236,145.575,37.09,78,0,15.19
552,Kununurra,AU,2022-04-03 22:00:16,-15.7667,128.7333,64.38,94,18,3.44
553,Koping,SE,2022-04-03 22:00:17,59.514,15.9926,39.13,69,100,5.08
554,Itoman,JP,2022-04-03 22:00:17,26.1247,127.6694,64.42,68,20,12.66
555,Mendi,PG,2022-04-03 22:00:18,-6.1761,143.6513,57.61,91,86,1.41
556,Ankazoabo,MG,2022-04-03 22:00:20,-22.2833,44.5167,69.01,71,45,5.08
557,Bhadasar,IN,2022-04-03 22:00:20,28.2833,74.3167,75.96,6,0,5.75
558,Salvador,SV,2022-04-03 22:00:21,13.8333,-88.9167,80.06,45,11,11.86
559,Balkanabat,TM,2022-04-03 22:00:22,39.5108,54.3671,73.29,18,0,2.24
560,Bongandanga,CD,2022-04-03 22:00:23,1.5,21.05,70.34,86,79,1.61
561,Abreus,CU,2022-04-03 22:00:24,22.2775,-80.5675,87.3,46,49,6.49
562,Bantou,CN,2022-04-03 22:00:24,26.2151,117.4893,48.52,82,0,2.91
563,Condega,NI,2022-04-03 22:00:25,13.365,-86.3985,95.67,20,47,7.02
